{"cameraMode":{"drawMode":0,"name":"Shaded","section":"Shading Mode"},"sceneLighting":false,"audioPlay":false,"sceneViewState":{"m_AlwaysRefresh":false,"showFog":true,"showSkybox":false,"showFlares":true,"showImageEffects":true,"showParticleSystems":true,"showVisualEffectGraphs":true,"m_FxEnabled":true},"in2DMode":false,"pivot":{"x":1.7175469398498536,"y":0.6000000238418579,"z":1.3400001525878907},"rotation":{"x":0.21637442708015443,"y":-0.08773181587457657,"z":0.01952645741403103,"w":0.9721648693084717},"size":0.8801416754722595,"orthographic":false}